Sun Dec 27 23:50:55 2020 +0800,liyanpeng
Sun Dec 27 20:45:00 2020 +0800,liyanpeng
Fri Dec 25 15:15:04 2020 +0800,liyanpeng
Wed Dec 23 23:38:20 2020 +0800,liyanpeng
Sat Oct 17 19:19:47 2020 +0800,liyanpeng
Thu Oct 15 00:12:48 2020 +0800,liyanpeng
Wed Oct 14 00:44:07 2020 +0800,liyanpeng
Sun Sep 13 16:46:53 2020 +0800,liyanpeng
Mon Sep 7 02:48:19 2020 +0800,liyanpeng
Mon Jun 15 23:48:50 2020 +0800,liyanpeng
Thu Jun 11 19:52:52 2020 +0800,liyanpeng
Thu Jun 11 00:15:07 2020 +0800,liyanpeng
Sun Jun 7 00:31:01 2020 +0800,liyanpeng
Thu Jun 4 20:51:13 2020 +0800,liyanpeng
Fri Mar 15 12:15:11 2019 +0800,李 燕朋
Fri Mar 15 11:07:22 2019 +0800,李 燕朋
Fri Feb 15 12:38:11 2019 +0800,liyanpengcode
Mon Nov 5 23:59:36 2018 +0800,liyanpengcode
Mon Sep 3 00:58:33 2018 +0800,LYP
Sun Sep 2 19:10:42 2018 +0800,LYP
Thu Aug 16 17:49:34 2018 +0800,liyanpeng
